pc;freq
a fidelidade à marca;1
abandono de cliente;1
abertura de capital;1
abordagem de discurso neogramsciana;1
abordagem interdisciplinar;1
abordagem normativa;1
abordagem positiva;1
abordagem sistêmica;1
ação;1
ação afirmativa;1
ação comunicativa;1
ação reflexiva;1
accountability;1
aceitação;1
acesso à informação;1
acidente do trabalho;1
acidentes;1
acionistas minoritários;1
ações;1
acordo da basiléia;1
acordos de acionistas;1
acordos de empresas;1
acumulação tecnológica;1
acumulações discricionárias;1
adaptação;1
adm;1
administração;6
administração-arte;1
administração-ciência;1
administração bancária;1
administração brasileira;1
administração cultural;1
administração da informação;1
administração da nova era;1
administração da produção;1
administração da qualidade;1
administração da saúde;1
administração de informática em bancos;1
administração de projetos;1
administração de recursos de informática;1
administração de saúde;1
administração de vanguarda;1
administração do conhecimento;1
administração empreendedora;1
administração estratégica;4
administração global e trabalho em equipe;1
administração hospitalar;1
administração pública;6
administrador;1
adoção;1
adoção de ti;1
aeronáutica;1
aftermarketing;1
agência de desenvolvimento regional;1
agência humana;1
agências antitruste;1
agentes econômicos;1
aglomerações;1
agribusiness;1
agricultura urbana;1
agroamigo;1
agroecologia;1
agroecossistema;1
agronegócio;1
agronegócios;1
agrupamento;1
ajustamento intercultural;1
ajuste regulatório;1
alavancagem;1
alavancagem de negócios;1
alavancagem de recursos;1
algoritmos genéticos;1
alianças;3
alianças estratégicas;2
alianças público-privadas;1
alinhamento estratégico;1
alinhamento operacional entre ti e negócio;1
alocação de capital;1
alocação de recursos;1
alta administração;1
alteridade;1
ambidestria;1
ambientalismo;1
ambiente;3
ambiente da indústria;1
ambiente de negócios;2
ambiente de trabalho;1
ambiente de varejo;1
ambiente hospitalar privado;1
ambiente internacional;1
ambiente internacional de negócios;1
ambiente militar;1
ambiente organizacional;2
ambiente turbulento;1
ambientes virtuais de aprendizagem;1
ambiguidade;1
ambiguidade causal;1
américa latina;10
americanismo;1
americanização;1
anais de congressos;1
análise bayesiana aplicada a decisões de preço;1
análise bibliométrica;2
análise comparativa de métodos de mensuração;1
análise comparativa qualitativa usando conjuntos fuzzy;1
análise crítica do discurso;1
análise de cluster latente;1
análise de conteúdo;3
análise de correspondência;1
análise de crédito;1
análise de dados;1
análise de discurso;1
análise de documentos;1
análise de publicações;1
análise de rede social;1
análise de redes;1
análise de redes sociais;6
análise de risco;1
análise dinã¢mica de sistemas;1
análise discriminante;1
análise do discurso;2
análise envoltória de dados;2
análise fatorial;1
análise funcional e estruturalista;1
análise geográfica;1
análise multinível;1
análise organizacional;3
análise por envoltória de dados;1
análise proposicional quantitativa;1
análise setorial;1
anarquismo;1
anatomia patológica;1
anomalias do mercado;1
antecipação de novas tecnologias;1
anti-management;1
anticonsumo simbólico;1
antropofagia;2
antropologia;4
antropologia do consumo;1
antropologia interpretativa;1
apoio à decisão;2
apoio social percebido;1
apostas de tênis;1
application scoring;1
aprendizado;1
aprendizado de gestão;1
aprendizagem;1
aprendizagem baseada em práticas;1
aprendizagem contestada;1
aprendizagem nas organizações;1
aprendizagem organizacional;6
aprendizagem organizacional socioprática;1
aprendizagem vivencial;1
aquisição de conhecimento;1
aquisição de recursos;1
aquisições transnacionais;1
arbitragem de índice;1
área de influência;1
argentina;2
aroma;1
arquitetura da rede;1
arranjo produtivo local;1
arremates online;1
arte;1
arte visual;1
artesanato;1
artesão;1
articulação do econômico com o social;1
artigos científicos no brasil;1
árvores de classificação;1
assédio moral;2
assédio sexual;1
assimetria de informação;1
assimetria informacional;1
assimilação analítica;1
assimilação relacional;1
assistência à saúde;1
associações de executivos;1
atenção primária;1
atendimento telefônico;1
atitude;2
atitude para com a empresa;1
atitudes no trabalho;1
atividade acadêmica;1
atividade de propaganda;1
atividades;1
atividades de suprimento;1
ativismo;1
ativos intangíveis;1
atlas de setores postais;1
atmosfera de loja;1
atores não-humanos;1
atores organizacionais e rh;1
atratividade;1
atributos;2
atributos da contabilidade;1
atributos de serviço;1
atributos varejistas;1
atualização de recursos;1
auditores;1
ausência psicológica;1
auto-conceito;1
auto-regulação;1
autoconfiança excessiva;1
autocorrelação espacial;1
autoestima;1
autogestão;1
autonomia;1
autoridade;1
avaliação;2
avaliação da distribuição em planta;1
avaliação da marca;1
avaliação de desempenho;5
avaliação de desempenho hospitalar;1
avaliação de justiça;1
avaliação de personagem na propaganda;1
avaliação de produto;1
avaliação de projetos;1
avaliação de propaganda;1
avaliação de sistemas de informação;1
avaliação de treinamento;1
avaliação do impacto regulatório;1
avaliação do treinamento;1
avaliação econômica de projetos;1
avaliação gerencial;1
avaliação pelos lucros residuais;1
aversão à perda;1
balanced scorecard;2
balanço competitivo;1
banco;1
banco de dados relacionais;1
bancos;2
bancos privados;1
barcelona;1
barreiras;1
barreiras de entrada;1
base da inovação;1
base de recursos;1
base tecnológica;1
bebida;1
bem-estar;2
bem-estar social da saúde;1
benefícios;1
bens de consumo;1
bens de consumo de alto giro;1
beta;1
beyond budgeting;1
bibliometria;1
biotecnologia;1
boca a boca;2
bolsa de valores;1
bolsa família;1
bonificação;1
bonificação em produto;1
book-tax differences;1
book building;1
bourdieu;1
brand equity;2
branding;1
brasil;15
brasil-portugal;1
brics;2
bsc;1
burn-out;1
burocracia;1
cadeais de fast-food;1
cadeia agroindustrial;1
cadeia de abastecimento;1
cadeia de hotéis espanhola;1
cadeia de suprimento verde;1
cadeia de suprimentos;3
cadeia de suprimentos reversa;1
cadeia meio-fim;1
cadeia produtiva;1
cadeia verde de suprimentos;1
cadeias de meios-fim;1
caixa;1
call centers;1
camarão;1
câmbio;1
campeonato brasileiro;1
campo de conhecimento;1
campo organizacional;2
canadá;1
canais de distribuição;2
canais interpessoais;1
canal de distribuição;1
capability operacional;1
capacidade financeira em saúde;1
capacidade tecnológica;1
capacidades competitivas;1
capacidades dinâmicas;2
capacidades organizacionais;1
capacitação;1
capacitação estratégica organizacional;1
capes;1
capital asset pricing model;1
capital asset pricing model (capm);1
capital circulante líquido;1
capital de giro;2
capital econômico;1
capital humano;1
capital intelectual;3
capital regulamentar;1
capital social;6
capitalista;1
capm condicional;1
captura de valor;1
características da transação;1
características de design;1
características organizacionais;2
carisma;1
carreira;3
carreira artística e cultural;1
cartão de crédito;1
carteira espelho;1
carteiras;1
carteiras de investimento;1
categoria de produto;1
causa e efeito;1
causalidade;1
celebridade endossante;1
celulares;2
cenário brasileiro;1
cenários prospectivos;1
cenários temáticos;1
censo;1
censura e mídia;1
centralidade do trabalho;1
centralização;1
centros de inovação;1
cep;1
certificação;1
cessão;1
chilli beans;1
churn;1
ciclo;1
cidadania;2
cidadania corporativa;2
cidadania e trabalho industrial;1
cidade de deus;1
cidades do conhecimento;1
ciência;1
ciência da informação;1
ciência e tecnologia;1
ciência organizacional;1
ciências humanas e sociais;1
ciências sociais;2
cientificidade em administração;1
cinema;2
círculos de controle de qualidade;1
cirurgia plástica;1
citações;1
civismo;1
classe média baixa brasileira;1
classe social;1
classe socioeconômica;1
classe trabalhadora;1
classificação de ações;1
classificação de crédito;1
classificações de origem controlada;1
classificadores socioeconômicos;1
cláusula vinculante;1
cláusulas;1
clientes;2
clima organizacional;1
climas éticos;1
clubes;1
cluster;1
cluster de vinho;1
clusters de software e serviços da informação;1
co-evolução de firmas e indústria;1
coalinhamento;1
coalizões externas;1
coalizões internas;1
coautorias;1
cobb-douglas;1
cocriação;2
código de ética;1
códigos;1
coesão;1
cognição;1
cognição organizacional;1
colaboração;1
colaboração reflexiva;1
coleta de dados;1
collaborative planning;1
colômbia;1
comercialização;2
comércio eletrônico;2
comércio exterior;1
comércio internacional;1
comitês gestores de bairro;1
companhias abertas e fechadas;1
companhias aéreas;1
compartilhamento de acesso e benefícios;1
compartilhamento e uso do conhecimento;1
competência;1
competência essencial;1
competências;5
competências básicas;2
competências distintas;1
competências distintivas;1
competências e valores;1
competências gerenciais;2
competências organizacionais;4
competências profissionais;1
competição;4
competitividade;16
complementaridade produtiva;1
complexidade;1
complexidade ambiental;1
complexo agroindustrial;1
comportamento;5
comportamento de compra;1
comportamento do aleitamento materno;1
comportamento do consumidor;15
comportamento do consumidor on-line;1
comportamento do investidor;1
comportamento em operações;1
comportamento organizacional;3
comportamentos colaborativos;1
comportamentos de cidadania organizacional;1
composição das empresas familiares;1
composição do conselho de administração;1
composto mercadológico;1
compra antecipada;1
compra compulsiva;1
compra por impulso;1
compras de roupas;1
compras de valor;1
compreensão de significados;1
comprometimento afetivo;2
comprometimento com a carreira;1
comprometimento com o sindicato;1
comprometimento com o trabalho;1
comprometimento instrumental;1
comprometimento no trabalho;1
comprometimento normativo;1
comprometimento organizacional;3
compromisso;1
comunicação;2
comunicação corporativa;1
comunidade econômica européia;1
comunidades de marca;1
comunidades de prática;2
comunidades locais;2
comunidades virtuais;2
conceito de trabalho;1
concepção de liderança;1
concessionárias;1
concorrência;3
condicionamento;1
condições de trabalho;1
conexões políticas;1
confiabilidade;1
confiabilidade do computador;1
confiança;8
confiança organizacional;1
configurações naturais;1
conflito;2
conflitos geracionais;1
conhecimento;2
conhecimento científico;1
conhecimento compartilhado;1
conhecimento experimental;1
conhecimento externo;1
conhecimento organizacional;2
conhecimento tácito;1
conjuntos fuzzy;1
conselho de administração;1
conselho de autoridade portuária (cap);1
conselhos de administração;1
conseqã¼ências humanas;1
consequências futuras;1
consequências sociais da tecnologia;1
conservadorismo;2
consórcio de pesquisa;1
constelações;1
construção civil;1
construção de questionário;1
construção de significado;1
construcionismo;1
construções verdes;1
consultoria estratégica;1
consultoria vs academia;1
consultório;1
consumer culture theory;1
consumidor;4
consumidor de vinho;1
consumidor on-line;1
consumidor verde;1
consumo;2
consumo cultural;1
consumo pós-modernista;1
contabilidade;1
contabilidade de custos;2
contabilidade gerencial;1
contabilidade pública;2
conteúdo informacional;1
contexto brasileiro;1
contradições do desenvolvimento sustentável;1
contratos de gestão;1
controlabilidade;1
controle;3
controle corporativo;1
controle de qualidade;1
controle e coerção;1
controle familiar;2
controle formal;1
controle gerencial;2
controle informal;1
controle integral;1
controle social;1
controles horizontais e sociais;1
conveniência;1
convênios;1
coobrigação;1
cooperação;3
cooperação agrícola;1
cooperação internacional;1
cooperativa de artesanato;1
cooperativas;3
cooperativas de crédito;1
cooperativas educacionais;1
cooperativismo;1
coordenação;1
coordenação intergovernamental;1
coprodução;1
coprodução de valor;1
corporações;1
cotidiano;1
credit scoring;1
crédito;1
crédito bancário;1
crescimento;1
crescimento contínuo;1
crescimento da empresa;1
crescimento econômico;1
criação de valor;4
criação do conhecimento;1
criação e mortalidade de empresas;1
criatividade;3
criatividade no trabalho;1
crime corporativo;2
crise;1
crise sócio-ambiental;1
crises econômicas;1
critérios mistos;1
critérios qualitativos;1
critérios quantitativos;1
crítica;3
critical management studies;1
críticos brasileiros;1
crm;1
cross-country;1
cross section;1
crowding;1
cultura;8
cultura brasileira;2
cultura de consumo;1
cultura do consumo;1
cultura do management;1
cultura gerencial de empresas rurais;1
cultura nacional;2
cultura organizacional;10
cultura organizacional de aprendizagem socioprática;1
cursos de administração;1
custeamento;1
custeio;1
custo de oportunidade;1
custo do capital;1
custo fixo;1
custo total;1
custo variável;1
customer-based brand equity;1
custos de agência;1
custos de transação;2
custos em saúde;1
custos fixos;1
custos industriais;1
custos ocultos;1
custos variáveis;1
da qualidade dos sistemas de informação;1
dados;1
dados de painel;2
dados em painel;2
data envelopment analysis;1
database marketing;1
dea;1
debêntures;1
decisão de investimentos em ti;1
decisão estratégica;1
decisões de preço em clima de incerteza;1
decisões estratégicas;1
decisões financeiras;1
decomposição da variã¢ncia;1
decomposição do erro de previsão;1
déficit público;1
definições do desenvolvimento sustentável;1
deleuze;1
demanda de bens e serviços;1
demarcação científica;1
demissão;1
democracia;1
demonstrações financeiras;1
densidade humana no varejo;1
dependência;1
derivativos;1
desafios;2
desafios éticos;1
desburocratização;2
descentralização;2
descentralização político-administrativa;1
desconstrução;1
desconto;1
desconto no preço;1
desempenho;11
desempenho competitivo;2
desempenho contextual;1
desempenho das firmas;1
desempenho de 1990 a 1995;1
desempenho de mercado;1
desempenho de papéis da mulher executiva;1
desempenho em exportações;1
desempenho empresarial;2
desempenho financeiro;4
desempenho operacional;4
desempenho organizacional;2
desempenho socioambiental;2
desenho de incentivos;1
desenho organizacional;1
desenvolvimento;3
desenvolvímento;1
desenvolvimento comportamental;1
desenvolvimento da sociologia econômica;1
desenvolvimento da teoria das organizações;1
desenvolvimento de novos produtos;1
desenvolvimento de pessoal;1
desenvolvimento de planos de negócio;1
desenvolvimento de produto;1
desenvolvimento de produtos;2
desenvolvimento econômico;1
desenvolvimento gerencial;1
desenvolvimento humano;1
desenvolvimento sustentável;4
desenvolvimento tecnológico;1
design organizacional;1
desintegração vertical;1
desk research;1
desregulamentação;1
destino turístico;1
determinação das políticas organizacionais;1
determinação de preço;1
determinantes;1
díades de relacionamentos;1
diferença acumulada de pontos;1
diferenças individuais;1
difusão;3
difusão de conhecimento;1
difusão de inovações;1
difusão de opinião;1
difusão de tecnologias;1
digitalização;1
dilemas;1
dimensão de parcerias;1
dimensão ética;1
dimensões competitivas;1
dinâmica de inovação;1
dinâmica de sistemas;1
direito comunitário;1
direito de voto;1
direito sobre o fluxo de caixa;1
diretor independente;1
disclosure;1
discriminação da mulher nas organizações;1
discurso;5
discursos empresariais;1
dissertações;1
distância institucional;1
distribuição;2
distribuição de renda;1
distribuição em planta;1
distribuição física;1
distribuidoras de energia elétrica;1
diversidade;2
diversidade organizacional;1
diversificação;2
diversificação de carteiras;1
dívida externa;1
dividendos;3
divulgação de dados contábeis e financeiros;1
divulgação de informações;1
divulgação de risco;1
doação;1
dobra estrutural;1
dono do processo;1
downsizing;1
drama;1
dualismo social;1
e-business;1
e-learning;1
e-participação;1
eaesp;1
ecoinovação;1
ecologia organizacional;2
econometria;1
economia;2
economia da cultura;1
economia da língua comum;1
economia da saúde;1
economia de empresas;1
economia do conhecimento;1
economia do esporte;1
economia em desenvolvimento;1
economia étnica;1
economia informal;1
economia política;1
economia social;1
economias emergentes;1
educação;1
educação a distância;1
educação corporativa;1
educação em administração;1
educação em gestão;1
educação executiva;1
educação financeira;1
educação profissional;1
efeito alavancagem;1
efeito clientela;1
efeito de enquadramento;1
efeito dia da semana;1
efeito disposição;1
efeito país;1
efeitos transientes e estáveis da indústria;1
efetividade de investimentos em ti;1
efetividade no ensino a distã¢ncia;1
efetividade organizacional;1
eficácia organizacional;1
eficiência;3
eficiência de mercado;3
eficiência econômica;1
eficiência semiforte;2
elasticidade-propaganda;1
eleições;1
emancipação;1
emancipação social;1
embalagem de alimentos;1
emoção;1
emoções;2
empirismo;1
empoderamento;1
empreendedor;2
empreendedores;1
empreendedorismo;10
empreendedorismo étnico;1
empreendedorismo global;1
empreendedorismo social;3
empregabilidade;1
emprego;1
empresa;4
empresa-origem e empresa-destino;1
empresa de base tecnológica;2
empresa e sociedade;1
empresa familiar;2
empresa informacional;1
empresa metal-mecânica;1
empresa proativa;1
empresário;2
empresas;3
empresas brasileiras;4
empresas de base tecnológica;1
empresas de distribuição de energia elétrica;1
empresas de hospedagem;1
empresas de software;1
empresas do caribe de língua inglesa;1
empresas e governos em pesquisas;1
empresas em expansão;1
empresas espanholas;1
empresas estatais;2
empresas familiares;1
empresas maduras;1
empresas multinacionais;2
empresas públicas;1
empresas transnacionais;1
enanpad;1
endividamento;1
endividamento oneroso;1
endividamento total;1
endogeneidade;1
energia elétrica;1
energia na agricultura;1
energização;1
enfermagem;2
enfoque sistêmico;1
engenharia de software;1
ensino;2
ensino de administração;1
ensino e aprendizagem;1
ensino e pesquisa;1
ensino e pesquisa em administração;3
ensino em administração;1
ensino superior;1
entrevista;1
entropia;1
envio de informações;1
envolvimento;1
envolvimento de consumidores;1
enxugamentos de pessoal;1
epistemologia;4
equações estruturais;1
eqüidade;1
equipe de ti;1
equipes empreendedoras;1
ergonomia;1
ertificação;1
escala;3
escala de medição;1
escala de valores de schwartz;1
escalas concorrentes;1
escalonamento multidimensional;1
escola de frankfurt;1
escola de pensamento;1
escolas de administração;2
escravidão contemporânea;1
espacialidade;1
espaço;1
espaço social europeu;1
espaços de serviços;1
especialistas nacionais;1
especialização;1
especialização flexível;2
esperada;1
espiritualidade no local de trabalho;1
esquemas interpretativos;1
estabílízação;1
estado;1
estado de são paulo;1
estado e empresários no brasil;1
estado nascente;1
estados unidos;1
estatais;1
estatização;1
estética da imperfeição;1
estigma;1
estilo de comportamento motivacional;1
estilo de liderança;1
estilo motivacional;1
estilos de aprendizagem;1
estilos de liderança;1
estimação de custos de falência;1
estímulo;1
estímulos externos;1
estoque;1
estoque gerido pelo distribuidor;1
estoques;1
estoques estratégicos;1
estratégia;25
estratégia-como-prática;1
estratégia baseada em valor;1
estratégia competitiva;4
estratégia cooperativa;1
estratégia de manufatura;4
estratégia de marketing;5
estratégia de negócios e meio ambiente;1
estratégia de operações;1
estratégia de operações de serviços;1
estratégia e mudança organizacional;1
estratégia emergente;1
estratégia empresarial;6
estratégia hospitalar;1
estratégia internacional;2
estratégia me-too;1
estratégia mercadológica;1
estratégia organizacional;4
estratégia para tecnologia da informação;1
estratégia socioambiental;1
estratégia socioambiental baseada em recursos;1
estratégia varejista;1
estratégias;2
estratégias corporativas;1
estratégias de internacionalização;1
estratégias de pesquisa;1
estratégias de produção;1
estratégias de propaganda;1
estratégias de rh;1
estratégias empresariais;1
estratégias orientadas para o cliente;1
estrato social;1
estresse no trabalho;1
estrutura;4
estrutura acionista;1
estrutura de capitais;1
estrutura de capital;3
estrutura de conversão recíproca;1
estrutura de produção;1
estrutura de propriedade;4
estrutura de relacionamento;1
estrutura organizacional;3
estruturas mínimas;1
estudantes universitários;1
estudo de caso;5
estudo de caso único;1
estudo de evento;1
estudo de eventos;1
estudo qualitativo;1
estudos;1
estudos críticos;1
estudos críticos em administração;2
estudos críticos em gestão;1
estudos da administração em uma perspectiva crítica;1
estudos de localização;1
estudos organizacionais;8
estudos organizacionais críticos;1
estudos organizacionais em administração;1
ética;5
ética coletiva;1
ética do trabalho;1
ética em negócios;1
ética empresarial;1
ética individual;1
ética nas organizações;1
ética no trabalho;1
ética protestante;1
etnocentrismo;1
etnografia;5
etnografia da rse;1
eurocentrismo;1
europa;2
europa sem fronteiras;1
event study;1
evolução de rh;1
evolução histórica;1
excelência;1
exclusividade;1
executivos;2
expatriação;1
expatriados japoneses;1
expectativa;1
experiência;1
experimento;1
exportações;1
expropriação;1
fabricante;1
fachadas;1
fadiga mental;1
falácias;1
falência;1
falhas do computador;1
família;1
familiaridade;2
fatores críticos de sucesso;1
fatores de design;1
fatores institucionais;1
fatores macroeconômicos;1
favela;1
federalismo;1
felicidade;1
fenomenologia;1
fenomenologia crítica;1
fernando claudio prestes motta;1
fgv-eaesp;1
fidelidade à marca;1
filantropia;3
filosofia;1
filosofia cartesiana;1
filosofia corporativa;1
finanças;1
finanças comportamentais;4
finanças corporativas;1
financiamento de empresas;1
financiamento público;1
fitness organizacional;1
flexibilidade;5
flexibilidade na cadeia de suprimentos;1
flexibilidade organizacional;1
flexibilização;1
flexibilização administrativa;1
flow;1
fluxo de caixa em risco;1
fluxo de caixa operacional;1
fluxo de produto;1
fluxos de fundos;1
fontes de informação;1
fontes de valor;1
força de trabalho flexível;1
forecasting and replenishment;1
formação;1
formação de estratégias;1
formação e desenvolvimento de recursos humanos;1
formação gerencial;1
formalização;1
formas de gestão;1
formas de governança;1
formulação;1
forte lahore;1
fragmentação;3
fragmentação do trabalho;1
franquead;1
franqueado;1
franqueador;1
franquia;2
franquias;1
freqüência de compras;1
fritjof capra;1
fronteiras;1
fronteiras da organização;1
fronteiras organizacionais;1
fumicultura;1
função impulso resposta;1
funcionalismo;1
funcionamento organizacional;1
fundações;1
fundos de ações;1
fundos de investimento;1
fundos de pensão;2
fusões e aquisições;4
fusões e aquisições cross border;1
futebol;1
futebol profissional;1
futuro;1
ganhos;1
garantia;1
garantia de demanda;1
gargalos;1
genealogia de coesão;1
gênero;1
geocodificação de endereços;1
geografia de mercado;1
geopolítica do conhecimento;1
geração de valor;1
geradores de sistemas de apoio à decisão;1
gerência;3
gerência de tecnologia;1
gerência intermediária;1
gerenciamento;2
gerenciamento da mudança;1
gerenciamento da qualidade total;1
gerenciamento de impressões;1
gerenciamento de pequenos negócios;1
gerenciamento de resultados;3
gerentes;1
gestão;5
gestão ambiental;3
gestão ambiental integrada;1
gestão ambiental na cadeia de suprimentos;1
gestão baseada em evidências;1
gestão colaborativa;1
gestão da cadeia de suprimentos;2
gestão da diversidade;2
gestão da força de trabalho;1
gestão da informação;1
gestão da qualidade;1
gestão da reputação;1
gestão da saúde;2
gestão das finanças domésticas;1
gestão de carreira;1
gestão de categorias;1
gestão de competências;2
gestão de conhecimento;1
gestão de desempenho;1
gestão de empresas públicas;1
gestão de operações;2
gestão de pessoas;9
gestão de produção e operações;1
gestão de recursos humanos;5
gestão de riscos;1
gestão de serviços;1
gestão de serviços globalmente integrada;1
gestão de stakeholders;1
gestão de tecnologia;1
gestão de terceiros;1
gestão de tic;1
gestão do conhecimento;2
gestão do estado;1
gestão do relacionamento com o cliente;1
gestão estratégica;3
gestão estratégica de recursos humanos;1
gestão familiar;1
gestão financeira;1
gestão hospitalar;3
gestão humana;1
gestão intercultural;1
gestão internacional;2
gestão internacional de pessoas;1
gestão orçamentária;1
gestão ordinária;1
gestão por processos;2
gestão social;1
gestão socioambiental;1
gestão sustentável da cadeia de suprimentos;1
gestão urbana;1
gis;1
global;1
global entrepreneurship monitor;1
globalização;6
governamentalidade;1
governança;3
governança corporativa;7
governança transnacional;1
governo;3
governo eletrônico;3
governo federal;1
graduação;1
grau de internacionalização;1
green supply chain management;1
gri;1
grounded theory method;2
grupo de discussão;1
grupo de teatro;1
grupo econômico;1
grupos econômicos;1
grupos empresariais;1
grupos estratégicos;2
grupos semi-autônomos;1
guerra fria;1
guerras mundiais;1
habilidade social;1
habilidades políticas;1
habilidades sociais;1
habitus;1
hedonismo;1
hegemonia;1
hélice tríplice;1
herbert marcuse;1
heterogeneidade;1
heterogeneidade das firmas;1
heteroscedasticidade;1
hibridismo;1
hierarquia;1
hipóteses;1
história;3
história da gestão;1
história da informática;1
história da pesquisa;1
história de longa duração;1
história do marketing;1
história dos negócios;1
história organizacional;1
histórias de vida;1
historiografia;3
hiv/aids;1
hj biplot;1
holding pública italiana;1
holismo;1
home centers;1
homem;1
hospitais;1
hospitais privados;1
hospital;1
hospital do cã¢ncer  brasil;1
humanismo;1
humanismo radical;1
humanização;1
humanização de sistemas;1
índice de desempenho do layout;1
ibex 35;1
ibovespa;1
ide;1
identidade;5
identidade corporativa;2
identidade organizacional;4
identidade profissional;1
identidade social;1
identidades organizacionais;1
identificação;2
identificação étnica na propaganda;1
ideologia;3
ideologia do management;1
ideologias econômicas;1
ideologias políticas;1
idosos;1
igualdade de oportunidades;1
iluminação;1
ilusão de foco;1
ilusões;1
imagem;1
imagem corporativa;1
imagem da loja;1
imagem de marca própria;1
imagem e sucesso profissional da administradora;1
imaginário organizacional;1
imersão;1
imersão estrutural;1
imersão institucional;1
imersão relacional;1
imersão social;4
imitação entre empresas;1
impacto;1
impacto ambiental;1
impacto do treinamento no desempenho individual e na organização;1
impactos sociais da microeletrônica;1
implementação;2
implicações sociais;1
impm;1
importã¢ncia dos atributos;1
importação de tecnologia administrativa;1
importações;1
importância do preço;1
imposto de renda;1
improvisação;3
inadimplência;1
incentivos;1
incentivos fiscais;1
incerteza;1
inclusão digital;1
inclusão financeira;1
incompatibilidade;1
inconsciente;2
incremento de competitividade;1
incubadora de empresas;1
indicadores;2
indicadores de desempenho;1
indicadores de imersão;1
indicadores hospitalares;1
índice bovespa;2
índice de margem de contribuição;1
índice malmquist;1
índice sharpe;1
índices de mercado de ações;1
indigenous rights;1
indivíduo e organização;1
indonésia;1
indústria;2
indústria automobilística;1
indústria automotiva;2
indústria baseada em ciência;1
indústria calçadista;1
indústria cinematográfica brasileira;1
indústria cultural;4
indústria de alimentos;2
indústria de fumo;1
indústria do management;2
indústria frigorífica;1
indústria hoteleira;1
indústria nacional de microcomputadores;1
industrialização;1
indústrias;1
indústrias criativas;3
indústrias culturais;1
inflação;2
influência;1
influência social;1
informação;1
informação contábil;1
informação georeferenciada;1
informação privilegiada;1
informalidade e estratégia;1
informática;2
iniciativas;1
iniciativas sociais corporativas;1
inovação;17
inovação aberta;1
inovação financeira;1
inovação organizacional;2
inovação radical;1
inovação tecnológica;2
inovações;1
inovações na gestão social do trabalho;1
inovatividade;1
insatisfação;1
insider trading;1
insolvência;2
institucionalismo;2
institucionalistas;1
institucionalização;1
institucionalização de práticas;1
instituição de ensino superior (ies);1
instituição financeira;1
instituição total;1
instituições;2
instituições de ensino superior (ies);1
instituições não financeiras;1
instrução cvm no 299;1
instrumentos de gestão ambiental;1
instrumentos de medida de relacionamento com clientes;1
instrumentos para avaliação de treinamento;1
integração;3
integração cultural;1
integração do modelo de maturidade da capacidade;1
integração social;1
intenção de compra;4
intenção de turnover;1
intenções de comportamento;1
intensidade e direção comportamental;1
intensidade tecnológica;1
interação;1
interação automática;1
interação entre trabalho e sistemas de informação;1
interatividade;1
intercâmbio líder-membro;1
intermediação;1
internacionalismo;1
internacionalização;12
internacionalização de empresas;1
internet;8
interorganizacional;1
interpretação;1
interpretativismo;1
intertextualidade;1
investimento;1
investimento direto estrangeiro;2
investimento em ti;1
investimento operacional em giro;1
investimento produtivo;1
ipo;1
ipo competitivo;1
iri;1
iso 9000;1
isomorfi smo;1
janela da alma;1
japão;3
jazz;3
jeitinho brasileiro;1
jogos da barganha;1
jogos de empresa;1
jogos de poder;1
jogos olímpicos e paraolímpicos do rio;1
jointventures;1
justiça percebida;1
justiça social;1
kohonen maps;1
laddering;1
lado sombrio das organizações;1
lazer;2
lealdade;9
lealdade ao fabricante;1
leed;1
legado;1
legislação pública;1
legitimidade;5
legitimidade cognitiva;1
lei antitruste;1
leilão;1
leilões por internet;1
liderança;2
liderança bem-sucedida;1
liderança estratégica;1
liderança gerencial;1
liderança visionária;1
limites epistemológicos;1
língua inglesa;1
linguagem;1
linhas de ação nas organizações;1
liquidez;4
liquidez bancária;1
listas de endereçamento;1
literatura administrativa de mercado;1
literatura de finanças;1
livraria;1
localização;1
localização industrial;2
localização varejista;1
locomoção;1
lógica indutiva em administração;1
logística;2
logística reversa;2
logit;1
lojas de conveniência;1
lote econômico de compras;1
lucratividade;3
lucro bruto operacional;1
lucro líquido;1
lutas sociais;1
management;1
management de complexidade;1
manufatura;1
mão-de-obra;1
mapas cognitivos;1
mapeamento;1
maquiavel;1
marca;3
marca de distribuidor;1
marca de supermercado;1
marca própria;3
marca própria de varejista;1
marcas;1
marcas brasileiras;1
marcas globais;1
marcas locais;1
margem de contribuição;2
marginalidade;1
market share;1
market timing;1
marketing;13
marketing boca a boca;1
marketing cultural;2
marketing das artes;1
marketing de bens de consumo;1
marketing de relacionamento;7
marketing de serviços;3
marketing de varejo;1
marketing direto;1
marketing educacional;1
marketing empreendedor;1
marketing global;1
marketing internacional;3
marketing mixo;1
marketing social;1
marketing viral;1
matif;1
maurício tragtenberg;1
maximização do lucro;1
mba;3
mcdonalds;1
mecenato;1
mediação;1
medição do desempenho organizacional;1
médicos;1
medida;1
meio inovador;1
meios de comunicação em massa;1
meios de hospedagem;1
melhoria contínua;1
mensagem;1
mensagens de anúncios;1
mensuração contábil;1
mensuração da imitação;1
mercado;5
mercado brasileiro;1
mercado de ações;2
mercado de capitais;3
mercado de capitais brasileiro;1
mercado de capitais emergente;1
mercado de trabalho;2
mercado segurador brasileiro;1
mercados;1
mercados de apostas;1
mercados de capitais;1
mercados emergentes;7
mercados financeiros;1
mercados internos;1
merchandising;1
mercosul;1
mestrado modalidade profissional;1
mestrado profissionalizante;1
metáfora;1
metáfora do teatro;1
metáforas;1
metas e acordos coletivos;1
metatriagulação;1
método científico;1
método colaborativo;1
método de máximas diferenças;1
método de pesquisa;2
metodologia;5
metodologia da pesquisa;1
metodologia de pesquisa;1
metodologia de pesquisa em administração;1
métodos de avaliação;1
métodos de coleta de dados;1
métodos de pesquisa;2
métodos de preço;1
métodos de produção;1
métodos de tratamento de dados;1
métricas de competitividade;1
michael porter;1
micro e pequenas empresas;2
microeletrônica;1
microfinanças verdes;1
microinformática;1
middle manager;1
mídia;1
mídias sociais;1
migração;1
mimetismo;1
miopia de mercado;1
missão internacional;1
missão social;1
mitos;1
mobilidade;2
mobilization trajectories;1
moda;1
modelagem;1
modelagem de equações estruturais;5
modelagem de processo de negócio;1
modelo;1
modelo 3m;1
modelo causal;1
modelo comportamental de fishbein e ajzen;1
modelo de decisão;1
modelo de equações estruturais (mee);1
modelo de negócios;1
modelo de negócios com impacto social;1
modelo de replicação;1
modelo de risco proporcional de cox;1
modelo de satisfação acsi modificado;1
modelo do sistema viável;1
modelo ecológico social;1
modelo fleuriet;1
modelo japonês;1
modelo japonês de gestão;1
modelo matemático de redes;1
modelo seci;1
modelo sueco de organização do trabalho;1
modelos de carreira;1
modelos de entrada;1
modelos de gestão;2
modelos de internacionalização;1
modelos dinâmicos e estáticos;1
modelos econométricos;1
modelos estratégicos;1
modelos multinível;1
moderadores;1
modernidade organizacional;1
modernismo;1
modernização;3
modernização técnica;1
modismos;1
modo de operação;1
modos de entrada;1
monolinguismo;1
moralismo;1
mortalidade;1
morte;1
mosaico;1
motivação;6
motivação internacional;1
motores de crescimento;1
movement formation;1
movimentos sociais;2
mpa;1
mrpii;1
mudança;5
mudança cultural;1
mudança de paradigma;1
mudança demográfica;1
mudança organizacional;17
mudança radical;1
mudança social;1
mudança tecnológica;1
mudança tecnológica e organização do trabalho;1
mudanças climáticas;1
mudanças culturais e nas relações de poder nas organizações;1
mudanças de métodos de gestão;1
mudanças estruturais;1
mudanças institucionais;1
mudanças na organização da produção;1
mudanças organizacionais;1
mulher;1
mulher gerente;1
multiculturalismo;1
multinacionais;2
multinacionais brasileiras;2
multinacionais emergentes;1
mundo da vida (lebenswelt);1
música popular brasileira;1
nacional;1
nacionalidade;1
nafta;1
narcisismo;2
narratologia;1
nbr iso 9004-2;1
necessidades intrínsecas;1
negociação;1
negociação coletiva;1
negócios;2
negócios básicos;1
negócios com impacto social;1
negócios inclusivos;1
negócios internacionais;3
negócios sociais;3
neo-institucionalismo;2
neoinstitucionalismo;1
neurose de excelência;1
neurose profissional traumática;1
níveis de análise;1
nível de empregos;1
nível de significância dos dados;1
nomadismo involuntário;1
normalidade da distribuição de taxas de retorno;1
normas societais relativas ao trabalho;1
nostalgia;1
nova gestão pública;1
nova revolução gerencial;1
nova sociologia econômica;1
novas estratégias tecnológicas de risco;1
novas formas de organização da produção;1
novas lojas;1
novas perspectivas de análise de rh;1
novas políticas;1
novas tecnologias;1
novas tecnologias de informação;1
novo acordo de capital da basiléia;1
novo mercado;1
novo paradigma do trabalho;1
novo quadro de relações entre trabalhadores;1
novos negócios;2
o&m;2
objetivos de preço;1
objetivos estratégicos;1
objetivos nas organizações;1
observação participante;2
ocupação;1
óleo de cozinha utilizado;1
olfato;1
ontologia;2
opções reais;1
operações bancárias online;1
oportunidade;1
option pricing model;1
orçamento de capital;1
orçamento empresarial;1
orçamento mental;1
orçamento participativo digital;1
orçamento promocional;1
orçamento tradicional;1
ordem pré-moderna;1
organização;5
organização de empresas;2
organização de ensino superior privada;1
organização de pesquisa e desenvolvimento;1
organização do trabalho;5
organização e métodos;2
organização flexível;1
organização formal;1
organização hospitalar;1
organização industrial;1
organização inovadora sustentável;1
organização para a cooperação e desenvolvimento econômico (ocde);1
organização por processos;2
organização virtual;1
organização voltada para o cliente;1
organizações;14
organizações ambidestras;1
organizações autentizóticas;1
organizações emergentes;1
organizações híbridas;2
organizações humanizadas;1
organizações modernas;1
organizações não-governamentais;1
organizações religiosas;1
organizações saudáveis;1
organizações sem fins lucrativos;1
organizações sociais;2
organizações substantivas;2
órgão gestor da mão-de-obra (ogmo);1
orientação analítica;1
orientação empreendedora;1
orientação estratégica;2
orientação para o mercado;4
orientação para o mercado externo;1
otimização;1
otimização multiobjetivo;1
otimização quadrática;1
ouro preto;1
pacientes;1
padrões de excelência gerencial;1
padrões de sustentabilidade;1
padronização;3
pagamento;1
painel de dados;1
países emergentes;3
papéis e responsabilidades;1
papéis estratégicos;1
papel de rh;1
paquistão;3
paradigma;3
paradigma scp;1
paradigmas;1
paradoxos;2
paradoxos organizacionais;1
parceiras público-privadas;1
parceria;3
parcerias;1
parcerias em exploração de petróleo;1
pareto;1
parque científico-tecnológico;1
parques tecnológicos;1
participação;1
participação de universidades;1
participação dos trabalhadores na gestão;1
participação em resultados;1
participação nos lucros;1
participação popular;1
patrocínio;2
patrocínio empresarial;1
pedagogia crítica;1
pedagogia do olhar;1
pequena e média empresa;1
pequenas e médias empresas;3
pequenas empresas;3
pequenos negócios;1
percepção;3
percepção de sucesso;1
percepção dos outros consumidores;1
percepções das partes interessadas;1
performance;4
performance empresarial;1
performatividade crítica;1
periódicos;1
periódicos científicos;1
periódicos de finanças;1
persistência dos lucros;1
personalidade;5
perspectiva histórica;1
perspectivas internacionais;1
perspectivas sociológicas;1
perspicácia estética;1
persuasão;1
pesquisa;1
pesquisa-ação;1
pesquisa-intervenção;1
pesquisa bibliométrica;1
pesquisa científica;1
pesquisa de café;1
pesquisa de consumo;1
pesquisa de gestão;1
pesquisa de marketing;1
pesquisa documental;2
pesquisa e desenvolvimento;2
pesquisa em administração;5
pesquisa em contabilidade;1
pesquisa em negócios internacionais;1
pesquisa internacional;1
pesquisa pelo correio;1
pesquisa qualitativa;5
pesquisa social;2
pesquisadores;1
pesquisas de negócios;1
pesquisas de opinião pública;1
pessoa com deficiência intelectual;1
pessoas com deficiência;2
petroquímica;1
pilares da competitividade;1
pin;1
planejamento;1
planejamento de marketing;1
planejamento estratégico;4
planejamento governamental;1
plano;1
planos de estabilização;1
planos de pagamento;1
planos de saúde;2
planos de serviço pós-pagos;1
plr;1
pls;1
pmes madeireiras;1
pobreza;2
poder;9
poder e tecnologia;1
poder organizacional e novas tecnologias nas empresas;1
poder pastoral;1
política brasileira;1
política cultural;1
política de concorrência;1
política de dividendos;1
política de preços;1
política de saúde;1
política econômíca;1
política energética;1
política fiscal;1
política industrial e de comércio exterior;1
política organizacional;1
políticas de diversidade;1
políticas de gestão de recursos humanos;1
políticas de governo;1
políticas de inclusão;1
políticas industriais e tecnológicas;1
políticas públicas;4
pólos tecnológicos;1
ponto de equilíbrio;1
portabilidade;1
porte empresarial e indústria eletroeletrônica;1
porterismo;1
portfolios;1
portos;1
pós-colonialismo;3
pós-estruturalismo;1
pós-graduação;1
pós-graduação lato sensu;1
pós-modernismo;3
pós-venda;1
posição na rede;1
posicionamento;1
posicionamento estratégico;1
potencial de consumo;1
potencial de mercado;3
potencial de vendas;1
poupança;1
poupança interna;1
prática;3
prática em operações;1
praticantes;1
práticas administrativas;1
práticas de contabilidade gerencial;1
práticas de grupo;1
práticas de responsabilidade social corporativa;1
práticas de ti verde;1
práticas e políticas administrativas;1
práxis;1
prazer;1
prazer e dor;1
prazos de financiamento de empresas;1
pré-controle;1
preço;2
preços de venda;1
preços em saúde;1
preços hedônicos;1
preferências;1
preferências afetivas na família;1
prevenção;1
previdência privada;1
previsão de falência bancária;1
previsão de resultados esportivos;1
prioridades axiológicas laborais;1
privatização;2
probability of informed trading;1
problema de agência;2
problemas conceituais na pesquisa organizacional;1
processo;2
processo-contínuo;1
processo-integrador-de-formação-da-estratégia;1
processo de estratégia;1
processo de formação estratégica;2
processo de internacionalização;1
processo de internacionalização das empresas;1
processo de maturidade;1
processo de planejamento;1
processo de trabalho;1
processo e relações de trabalho;1
processo estratégico;1
processo orçamentário;1
processos;3
processos de negócio;1
processos de negócios;1
processos empresariais;1
processos organizacionais;1
processos produtivos;1
produção;3
produção artística;1
produção bibliográfica;1
produção científica;8
produção e consumo sustentáveis;1
produção intelectual;1
produção mais limpa;1
produtividade;8
produtividade dos autores em finanças;1
produtivismo acadêmico;1
produto;2
produtor;1
produtos acabados;1
profissão de contador;1
profissionalismo;1
profissionalização;1
programa de marketing;1
programa nova baixada;1
programas de qualidade;1
programas de responsabilidade social;1
programas de treinamento;1
progresso tecnológico;1
projeto automotivo;1
projeto de sistema de produção;1
projeto do trabalho;1
projetos colaborativos;1
promoção;1
promoção de venda;1
promoção de vendas;1
pronaf;1
propensão a comportamentos éticos;1
propensão a inovar em tecnologia da informação;1
propensão de compra;1
propriedade;1
propriedade familiar;1
propriedade industrial;1
proteção;1
proteção ao investidor;1
proteção dos acionistas minoritários;1
proventos;2
proximidade cultural;1
psicanálise;1
psicologia ambiental;1
psicologia do investidor;1
psicologia do trabalho;1
psicologia econômica;1
psiconeurose profissional;1
publicação;1
publicações científicas;1
q de qualidade turística;1
q de tobin;1
qualidade;6
qualidade da informação contábil;2
qualidade de relacionamento;1
qualidade de serviço;1
qualidade de vida;3
qualidade do ensino;1
qualidade do lucro;1
qualidade do serviço;1
qualidade e produtividade;1
qualidade percebida;4
qualidade total;2
qualificação;2
qualificação profissional;1
qualitativa;1
questionário por correio;1
racionalidade;3
racionalidade instrumentai;1
racionalidade instrumental;2
racionalidade limitada;1
racionalidade substantiva;2
racionalismo;1
racionalização;1
racionalização de empresas;1
racismo;1
rae-eletrônica;1
rank test;1
ranking;1
rastreabilidade;1
rating;1
realidade;1
recebimento de informações;1
recessão;2
reciclagem;1
reciprocidade;1
reclamações;1
recompra de ações;1
reconhecimento;1
reconhecimento assimétrico dos resultados;1
reconversão industrial;1
recuperação de serviços;1
recursos;2
recursos e autonomia das subsidiárias;1
recursos e capacidades de ti;1
recursos humanos;9
recursos intangíveis;1
recursos internos da empresa;1
recursos organizacionais;1
rede asta;1
rede colaborativa;1
rede de compra coletiva;1
redes;4
redes de cooperação;1
redes de empresas;1
redes de franquias;1
redes de pesquisa;1
redes de produção;1
redes de subsidiárias;1
redes estratégicas;1
redes informais intra-organizacionais;1
redes internacionais;1
redes neurais;1
redes organizacionais;1
redes sociais;8
redes verticais;1
redesenho de processos;1
redistribuição;1
redução-reorganização do tempo de trabalho (2rt);1
redução de estoques;1
reembolso;1
reengenharia de negócios;1
reengenharia de processos;1
reestruturação;2
reestruturação da indústria;1
reestruturação de empresas públicas;1
reestruturação produtiva;1
referências;1
reforma administrativa;1
reforma do estado;3
região;1
região demarcada do douro;1
regime tecnológico;1
regionalização na cee;1
regressão;1
regressão à média;1
regressão logística;4
regressão logit;1
regressão múltipla não-linear;1
regressão ordinal;1
regressão probit;1
regulação de conflitos;1
regulamentação;1
regulamentação bancária;1
relação ator-estrutura;1
relação em rede;1
relação orientador-orientando;1
relacionamento;1
relacionamento com clientes;1
relacionamento empresaconsumidor;1
relacionamento entre variáveis;1
relacionamento estado x estatais;1
relacionamento interorganizacional;1
relacionamentos;1
relacionamentos colaborativos;1
relacionamentos comprador-fornecedor;1
relacionamentos interorganizacionais;1
relações;1
relações com investidores;1
relações de poder;2
relações de trabalho;5
relações econômicas luso-brasileiras;1
relações intergovernamentais;2
relações interorganizacionais;3
relevância;1
relevância da informação contábil;1
remuneração;2
remuneração flexível;1
remuneração internacional;1
renda;2
renovação organizacional;1
rentabilidade;2
rentabilidade de produto;1
representações sociais;1
reputação corporativa;2
resiliência na cadeia de suprimentos;1
resistência;1
resistência à mudança;2
resistência translocal;1
resistências;1
responsabilidade ambiental percebida;1
responsabilidade organizacional;1
responsabilidade social;7
responsabilidade social corporativa;8
responsabilidade social das grandes empresas;1
responsabilidade social empresarial;3
responsabilidade social universitária;1
responsabilidade socioambiental;1
responsabilidades;1
responsabilização;1
responsividade social;1
restrição;1
restrição de capital;1
restrições;1
resultado econômico;1
resultado econômico da saúde;1
resultado operacional;1
resultados contábeis;1
resultados do impacto social;1
resultados do treinamento;1
resultados empresariais;2
resultados organizacionais;2
retenção de clientes;1
retorno sobre o investimento;1
retroalimentação do processo de treinamento;1
retrospecto;1
revisão multiparadigmática;1
rigor;1
rigor acadêmico;1
rio+20;1
risco;1
risco de crédito;1
risco e retorno;2
risco percebido;1
risco sistemático e custo de capital;1
risco socioambiental;1
riscos sociais do computador;1
rotatividade;1
rotinas organizacionais;2
royalties;1
rsq;1
saber fazer;1
saberes;1
sacs;1
salários;1
satisfação;10
satisfação com a vida;1
satisfação com serviços;1
satisfação com treinamento;1
satisfação do cliente;2
satisfação do consumidor;1
satisfação dos consumidores;2
satisfação laboral;1
satisfação no trabalho;1
saúde individual;1
saúde organizacional;1
segmentação de mercado;3
segurança do trabalho;1
seguridade;1
seguros;1
seleção de portfólios;1
seletividade;1
self;1
sensacionismo;1
sentidos do trabalho;2
sentimentos;1
serviço;1
serviços;6
servqual;1
setor aeroespacial;1
setor bancário;1
setor calçadista;1
setor coureiro-calçadista;1
setor de componentes para calçados;1
setor de telecomunicações;1
setor de transporte aéreo;1
setor elétrico;2
setor industrial;1
sidney;1
significado do trabalho;3
simbolismo organizacional;1
simulação;1
simulação computacional;1
sinais;1
sincronização;1
sinergia;1
sinergias;1
sinergias nos negócios;1
sinergias operacionais;1
síntese em estratégia;1
sistema;1
sistema agroalimentar;1
sistema agroindustrial;1
sistema da qualidade;2
sistema de controle;1
sistema de gestão de pessoas de alta performance;1
sistema de informação em marketing;1
sistema de informação geográfica participativa;1
sistema de produção;1
sistema de saúde pública;1
sistema holístico-ambiental;1
sistema público de saúde;1
sistemas;1
sistemas de apoio à decisêo;1
sistemas de aprendizado;1
sistemas de gestão;1
sistemas de incentivo gerencial;1
sistemas de informação;1
sistemas de informação de saúde;1
sistemas de informação em saúde;1
sistemas de informações;1
sistemas de informações geográficas;1
sistemas de medição balanceados;1
sistemas de quiosque;1
sistemas de saúde;1
sistemas flexíveis;1
sistemas geográficos de informação;1
sistemas geográficos de informação (gis);1
sistemas produtivos;1
sistemas sócio-técnicos;1
sobre-reação;1
sobre-reação do mercado;1
social movements;1
socialização organizacional;1
socialização política;1
sociedade;2
sociedade civil;1
sociedade da ordem;1
sociedade industrial;1
sociedade pós-industrial;1
sociedades brasileiras de capital aberto;1
sociedades multinacionais;1
sociedades não ocidentais;1
sociologia;1
sociologia da crítica;1
sociologia do conhecimento;1
sociologia do trabalho;1
sociologia econômica;4
sociologia francesa;1
sociologia pragmática francesa;1
software;1
software livre;1
solidariedade digital;1
solvência;1
split;1
stakeholder;1
stakeholders;2
status socioeconômico;1
strategizing;1
stress;2
stress do estudante;1
sub-reação;1
subcontratação;1
subjetivação;1
subjetividade;1
sublime;1
subscrição;1
subsidiarias;1
subsidiárias;1
subsistência;1
substituição de importações;1
sucessão;1
suds;1
sujeito competente;1
supermercado;1
supermercados;4
suprimento de componentes;1
survey;2
survey em finanças;1
sustentabilidade;8
sustentabilidade corporativa;1
sweatshop;1
tabagismo;1
taxa de cã¢mbio;1
taxa de investimento;1
taxa de juros;2
taxa inicial;1
teatro;1
teatro organizacional;1
técnicas;1
técnicas de pesquisa;1
tecnicização do trabalho;1
tecnologia;9
tecnologia da informação;6
tecnologia da informação e comunicação para o desenvolvimento;1
tecnologia da informação móvel e sem fio;1
tecnologia de informação;3
tecnologia de informação e comunicação;2
tecnologia e processo de trabalho;1
tecnologia limpa;1
tecnologias ambientais;1
tecnologias da informação e comunicação;1
tecnologias de educação a distã¢ncia;1
tecnologias de gestão;1
telecomunicações;1
telefonia móvel;1
telemática;1
telenovelas;1
teletrabalho;1
televisão;2
teminais privativos;1
tempestividade da informação;1
tempo de relacionamento;1
tempo de trabalho;1
tempo de utilização dos equipamentos (due);1
tempo livre;1
tensão dinâmica;1
tensão mental;1
tensões;1
teoria;2
teoria adaptativa;1
teoria administrativa;1
teoria ator-rede;2
teoria bayesiana de decisão;1
teoria crítica;6
teoria da ação comunicativa;1
teoria da complexidade;1
teoria da contingência;1
teoria da curva em u;1
teoria da escolha racional;1
teoria da estruturação;1
teoria da utilidade;1
teoria das organizações;8
teoria das partes interessadas;1
teoria das representações sociais;1
teoria de avaliação de negócios;1
teoria de clusters;1
teoria de redes;1
teoria de schwartz;1
teoria do discurso político;1
teoria dos campos;1
teoria dos conjuntos fuzzy;1
teoria dos recursos;1
teoria estruturacionista;1
teoria gerencial;1
teoria institucional;8
teoria moderna de finanças;1
teoria organizacional;6
teoria popperiana e administração;1
teoria prospectiva;1
teoria sócio-econômica das empresas e organizações;1
teoria sociológica;1
teorias de administração pública com base sociopolítica;1
teorias de gestão;1
teorias de negócios internacionais com base em eficiência;1
teorias institucionais e de partes interessadas;1
teorias modernas de poder;1
teorias motivacionais;1
teorias organizacionais anti-management;1
terceirização;5
territorialidade;1
territórios;1
teses;1
teste empírico;1
ti verde;1
tipologia de processos de internacionalização;1
tipologia do empreendedor;1
tipos de assimilação;1
tipos ideais;1
títulos públicos;1
tolerância à ambiguidade;1
tomada de decisão;2
top management team;1
toyotismo e just-in-time;1
trabalhador-pesquisador;1
trabalhadores no espaço sem fronteiras;1
trabalho;8
trabalho artístico e cultural;1
trabalho bancário;1
trabalho confinado;1
trabalho de enfermagem;1
trabalho de escritório;1
trabalho e lazer;1
trabalho escravo;2
trabalho temporário;1
tracking error;1
trade marketing;1
tradução;1
trágico;1
transações intercompanhias;1
transferência;1
transferência de conhecimento;1
transferência de renda;1
transferência de riqueza;1
transferência de tecnologia;1
transformação organizacional;1
transgressões;1
transições;1
translocalidade;1
transnational mobilization;1
treinamento;1
treinamento e desempenho;1
treinamento em marketing;1
tributos diferidos;1
tropicalismo;1
turbulência;1
turismo;2
turismo acessível e turismo sênior;1
turista;1
ucinet-draw;1
universalismo;1
universidade;1
universidade corporativa;1
universitários;1
upp;1
upper echelon theory;1
usabilidade;1
uso estratégico da informação;1
uso social da tecnologia;1
usuários;1
vaidade;1
vale dos sinos;1
validação;1
validação cruzada;1
validação de modelo;1
valor;4
valor da empresa;1
valor da firma;2
valor da marca;1
valor da ti;1
valor de mercado;1
valor do ciclo de vida do cliente;1
valor do cliente;1
valor do relacionamento;1
valor econômico agregado da saúde;1
valor hedônico;1
valor hedônico de compra;1
valor para o acionista;1
valor patrimonial da ação;1
valor percebido;1
valor presente;1
valor social compartilhado;1
valor utilitário;1
valoração do conhecimento;2
valores de compra do consumidor;1
valores humanos;1
valores intrínsecos;1
valores relativos ao trabalho;2
valorização da marca;1
vantagem competitiva;14
vantagens competitivas;1
vantagens específicas da firma;1
vantagens específicas do contexto;1
var estrutural;1
varejista;1
varejo;13
varejo de alimentos;1
varejo de moda;1
varejo eletrônico;1
varejo popular;1
variáveis;1
variáveis de política monetária;1
variáveis extrínsecas;1
variáveis intrínsecas;1
variáveis organizacionais;1
vbr;1
veículos;1
venda a prazo;1
vendas;1
vendas cruzadas;1
verbalização;1
verticalização;1
viabilidade além da sobrevivência;1
vida;2
vieses cognitivos;1
vínculos indivíduo-organização;1
visão baseada em recursos (vbr);1
visão baseada em recursos da firma;1
visão da empresa baseada em recursos;1
visão de negocio;1
visão estruturacional;1
volatilidade;1
vulnerabilidade;2
wilcoxon signed rank test;1
world economic forum;1
